{
    "top1": {
        "brand": "AkooSaya",
        "price": "200",
        "img": "top1.jpg"
    },
    "top2": {
        "brand": "ChaitongYingPeer",
        "price": "300",
        "img": "top2.jpg"
    },
    "top3": {
        "brand": "Gap Inc",
        "price": "400",
        "img": "top3.jpg"
    },
    "top4": {
        "brand": "Strap Black",
        "price": "450",
        "img": "top4.jpg"
    },
    "top5": {
        "brand": "Chi Song So",
        "price": "250",
        "img": "top5.jpg"
    },
    "top6": {
        "brand": "Sea Thy to the Sky",
        "price": "320",
        "img": "top6.jpg"
    },
    "top7": {
        "brand": "Chistmas Come along",
        "price": "550",
        "img": "top7.jpg"
    },
    "top8": {
        "brand": "Sritanonchai",
        "price": "180",
        "img": "top8.jpg"
    },
    "top9": {
        "brand": "Vampire Survivor",
        "price": "600",
        "img": "top9.jpg"
    }
}